productId,Savings$,Sale_price$,Orig_price$,Item,description,productCategory,customerRating,numReviews,brand,initialQuantity,quantity,standardUpc,imageUrl
3JMS5HDQJKWL,22,197,219,Apple AirPods Pro,"Active Noise Cancellation for immersive soundTransparency mode for hearing and connecting with the world around youThree sizes of soft, tapered silicone tips for a customizable",Headphones,4.6,5670,['Apple'],46237,46237,['00190199246850'],https://i5.walmartimages.com/asr/c67bebef-646f-4cbb-9f06-432b491540cd_1.a85f65354949e93ab03dcb078a7d6495.jpeg?odnHeight=200&odnWidth=200&odnBg=ffffff
7GPRRVEITAG5,40,249,289,"HP 14"" Pentium 4GB/64GB Chromebook, 14"" HD Display, Intel Pentium Silver N5000, 4GB RAM, 64GB eMMC, Intel UHD Graphics 605, 14a-na0031wm","Chrome with integrated Intel UHD Graphics 600 Intel Celeron N4020 Processor, Dual-Core 1.1 GHz up to 2.8 GHz Up to 12.25 hours mixed usage 360 hinge, Google Assistant, Google Instant Tethering,",Laptop Computers,4.2,357,['HP'],13365,13365,['00194721548283'],https://i5.walmartimages.com/asr/617aef72-8c6d-407e-98bb-7edd9a53e8dd.12111924582b6560a929a8a10543d557.jpeg?odnHeight=200&odnWidth=200&odnBg=ffffff
2RRKOAAOOFW4,30,169,199,Apple Watch Series 3 GPS - 38mm - Sport Band - Aluminum Case,Elevated in every way.Space Gray aluminum caseIon-X strengthened glassUp to 18 hours of battery lifeGPS/GNSS,Smart Watches,4.6,4766,['Apple'],10015,10015,['00190198806116'],https://i5.walmartimages.com/asr/83ed7cf5-45b5-4f5e-bbb1-a6dfda21ee30_1.018f1bdadbc903ed087e9a71436a38ac.jpeg?odnHeight=200&odnWidth=200&odnBg=ffffff
1F58BAASE008,30,199,229,Apple Watch Series 3 GPS - 42mm - Sport Band - Aluminum Case,GPS and a barometric altimeter track how far and high you goDual-core processor for faster app performance (2)Ultimate sports watch and intelligent activity tracker,Smart Watches,4.7,1570,['Apple'],18988,18988,['00190198806925'],https://i5.walmartimages.com/asr/64985038-90f0-47ef-89c0-02e0c00c2a4d_1.1d154c8064f7962c62f01d9363578512.jpeg?odnHeight=200&odnWidth=200&odnBg=ffffff
6O1V22CEVP7M,51,148.95,199.95,Fitbit Versa 2 Smartwatch,Built-in voice controlSleep score in app24/7 heart rate tracking,Smart Watches,4.3,558,['Fitbit'],2372,2372,['00811138036690'],https://i5.walmartimages.com/asr/6e5b77fa-3304-4d48-91e3-b8c490e0dc8e_1.1ed834e8ff3312c44d9f78df1624e872.jpeg?odnHeight=200&odnWidth=200&odnBg=ffffff
6OVC72F7R5QF,66.99,133,199.99,"TCL 32"" Class 720P HD LED Roku Smart TV 3 Series 32S331","TCL 32"" Class HD (720P) Roku Smart LED TV (32S331):


High definition (720p) resolution
TCL 32"" smart TV has a simple, intuitive Roku interface
Stream over 500,000 movies and TV",Televisions,4.3,2061,['TCL'],10274,10274,['00846042013543'],https://i5.walmartimages.com/asr/fe7464f9-9701-41c5-86d8-09ee4738cf00_1.da520b520a0c87f5249a1bf74e3ab2df.jpeg?odnHeight=200&odnWidth=200&odnBg=ffffff
73A86BAYS6RT,50,349,399,"Straight Talk Apple iPhone XR, 64GB - Prepaid Smartphone",ST/TW iPhone XR Black,Cell Phones,4.4,1500,['Apple'],3194,3194,['00194252140116'],https://i5.walmartimages.com/asr/facbb465-6b0c-4464-b60b-6a6add97e9d1.f9c3cb2c699ddae43770dac2925aa614.png?odnHeight=200&odnWidth=200&odnBg=ffffff
5ZQZF0RUAKRN,330,369,699,"Lenovo IdeaPad Flex 5 14"" FHD Convertible, AMD Ryzen 3 4300U, 4GB RAM, 128GB SSD, Graphite Grey, Windows 10S, 81X2000HUS","Lenovo IdeaPad Flex 52-in-1 Laptop14"" FHD Touch DisplayAMD Ryzen 3 4300U4GB RAM +128GB SSDWindows 10SGraphite Grey",Laptop Computers,4.2,535,['Lenovo'],2395,2395,['00194632976182'],https://i5.walmartimages.com/asr/b163a876-4363-4ab6-890b-ec414a0c9731.d44b2d14ef8e3caa038fd7b1b7caacd0.jpeg?odnHeight=200&odnWidth=200&odnBg=ffffff
4D5FLGF3LNX4,150,249,399,"Straight Talk Samsung Galaxy A51, 128GB, Prism Crush Black - Prepaid Smartphone",Straight Talk St Samsung A51 S515 Cdma,Cell Phones,4.3,997,['Samsung'],2134,2134,['00616960374626'],https://i5.walmartimages.com/asr/4f83df0d-f483-432a-8299-8578b3ea22dd.d5c08c4ae76ea37b43e64f12b7b51659.jpeg?odnHeight=200&odnWidth=200&odnBg=ffffff
47FG5RLZAG48,310,439,749,"Gateway 15.6"" FHD Ultra Slim Notebook, Intel Core i5-1035G1, 16GB RAM, 256GB SSD, Webcam, HDMI, Fingerprint Scanner, Cortana, Windows 10 Home","Windows 10 Home10thGen Intel Core i5-1035G1 Processor (1.0GHz, Up to 3.6GHz, 6M Cache)15.6 LCD IPS Display, (1920 x 1080)",Laptop Computers,3.9,363,['Gateway'],18216,18216,['00812550032970'],https://i5.walmartimages.com/asr/d4363192-ff9f-45e2-9d17-d72f14429b8e.1073d4c643de7b72ff7341b99a4f37e2.jpeg?odnHeight=200&odnWidth=200&odnBg=ffffff
5UAP37UK9OIQ,503,1796.99,2299.99,"LG 65"" Class 4K UHD 2160P OLED Smart TV with HDR OLED65BXPUA 2020 Model","Diagonal Screen Size: 64.5""Resolution: 2160PRefresh Rate: 60HzSmart Functionality: YesInputs(HDMI/USB): Yes, (4/3)",Televisions,4.7,269,['LG'],81,81,['00719192637160'],https://i5.walmartimages.com/asr/ca7c04bd-c604-4bd8-8adb-3f3e6b8ca641.6b748b9acfd64663d037f163dac171aa.jpeg?odnHeight=200&odnWidth=200&odnBg=ffffff
1UVWTJ5OR8CY,90,189,279,SAMSUNG Galaxy Watch - Bluetooth Smart Watch (46mm) - Silver - SM-R800NZSAXAR,Galaxy Watch makes it simple to balance mind and bodyImprove the quality of your rest with integrated sleep cycle trackingStay hydrated and get reminders to keep moving,Smart Watches,4.3,863,['Samsung'],1115,1115,['00887276279572'],https://i5.walmartimages.com/asr/fd4ac977-2091-48d8-9c42-e4bd76c25860_2.1e08fbcdac48c4ccfbef70130eef5fbf.png?odnHeight=200&odnWidth=200&odnBg=ffffff
34HTKPCNI7NB,30,99,129,"Straight Talk LG Stylo 5, 32GB, Black - Prepaid Smartphone","6.2"" FHD+ Touchscreen DisplayAndroid 9.0, Pie13MP Camera, 5MP Wide Angle Front Facing Camera32 GB Memory",Cell Phones,3.7,701,['LG'],1208,1208,['00616960331452'],https://i5.walmartimages.com/asr/8775683a-e21b-4a43-a220-9df7f1f6cb07_1.2911c2cfec05dd9d2c2c1dca38b1f65f.jpeg?odnHeight=200&odnWidth=200&odnBg=ffffff
3GAVBPMBRNMS,81,248.95,329.95,"Fitbit Sense - White, Black",Merchandise,Smart Watches,4.4,55,['Fitbit'],7348,7348,['00811138036973'],https://i5.walmartimages.com/asr/aeef8a66-7c36-4e66-94cd-5d2b81a1e549.d7e4a1136e741a81294269ac365f8ab3.jpeg?odnHeight=200&odnWidth=200&odnBg=ffffff
7140XL89Q7PB,10,89,99,"onn. 8"" Tablet Pro, 32GB Storage, 2GB RAM, Android 10, 2.0 GHz Octa-Core Processor, HD Display","8"" LCD touchscreen10-hour battery life5 MP front-facing camera & 5 MP rear-facing camera",Tablet Computers,4.2,256,['onn.'],1722,1722,['00681131308717'],https://i5.walmartimages.com/asr/2b2b376d-12e0-4291-875e-40e4a28779bd.abae26566772596bd34594592ad39602.jpeg?odnHeight=200&odnWidth=200&odnBg=ffffff
0ZY6TS090BS8,301.99,698,999.99,"Sony 55"" Class XBR55X800H 4K UHD LED Android Smart TV HDR BRAVIA 800H Series",Upscale everything with the 4K HDR Processor X1 and 4K X-Reality PRO.See exactly,Televisions,4.4,244,['Sony'],285,285,['00027242919846'],https://i5.walmartimages.com/asr/1e1ded70-6caf-44d7-b450-77d6151eb803.fd34d78782824820c32dd232ee9ff401.jpeg?odnHeight=200&odnWidth=200&odnBg=ffffff
4I4O2PKQ31YX,87.03,81.97,169,NETGEAR - Nighthawk RAX35 AX3000 WiFi 6 Router,"1,500 sq. ft. of WiFi 6 CoverageConnect 40+ devices at onceBuffer-free 4K streaming on all your devices",Network Routers,4.1,1239,['NETGEAR'],5955,5955,['00606449142655'],https://i5.walmartimages.com/asr/a0db0732-eeca-4fac-8532-20acf3df2f6e.171095d77e78a01732414e7d3d26f559.png?odnHeight=200&odnWidth=200&odnBg=ffffff
6T290K83PM75,351.99,948,1299.99,"TCL 65"" Class 6-Series 4K UHD Mini-LED QLED Dolby Vision HDR Roku Smart TV  65R635","64.5in, ultra HD resolution, HDR Pro Pack, QLED, 120Hz refresh rate with Natural Motion 480, Dolby Atmos and Dolby Digital Plus, 4 HDMI inputs, optical digital audio output, headphone jack, USB media",Televisions,4,21,['TCL'],1207,1207,['00846042015219'],https://i5.walmartimages.com/asr/9dc28a09-7d65-47f4-a629-4091a2e55b88.596d0abb4157952100df8a12845bcafd.jpeg?odnHeight=200&odnWidth=200&odnBg=ffffff
778TOF8I2206,15.12,19.88,35,JLab Audio JBuds Pro Wireless Signature Earbuds,JBuds Pro Wireless Signature Earbuds Black,Headphones,4.2,349,['JLab Audio'],666,666,['00812887016070'],https://i5.walmartimages.com/asr/ad486f32-b9ac-49ec-916d-b56138af0056_1.6ec9d816957fd57b5dc59fb0d2cf4303.jpeg?odnHeight=200&odnWidth=200&odnBg=ffffff
3CLQ9U5XA7SI,248.27,449.99,698.26,NETGEAR - Orbi RBK752 AX4200 Tri-Band Mesh WiFi 6 System with Router and 1 Satellite Extender,"5,000 sq. ft. of WiFi 6 CoverageConnect 40+ devices at onceSeamless 4k streaming in every room, on all your devices",Network Routers,4.8,1987,['NETGEAR'],118,118,['00606449146165'],https://i5.walmartimages.com/asr/226b2a73-66b1-4848-9ef5-10a0b401bf7e.022f767be974899367b76cebac17b625.jpeg?odnHeight=200&odnWidth=200&odnBg=ffffff
7JV97GWNF3J8,20,159,179,"Gateway 11.6"" FHD Ultra Slim Notebook, AMD A4-9120e, 4GB RAM, 64GB Storage, Tuned by THX Audio, Mini HDMI, Cortana, Webcam, Windows 10 S","Windows 10 Home in S Mode7th Gen AMD A4-9120E APU with Radeon R3 Graphics (1.6GHz, Up to 2.4GHz, 1M Cache)11.6 LCD IPS Display, (1920 x 1080)",Laptop Computers,2.9,528,['Gateway'],135,135,['00812550032727'],https://i5.walmartimages.com/asr/43880e02-f0c8-4778-8fd1-9a11c9b5fa21.69b26831574340bfbb3ba460f6573e21.jpeg?odnHeight=200&odnWidth=200&odnBg=ffffff
1P0X0A45WRS1,40,99,139,"Walmart Family Mobile Samsung Galaxy A10e, 32GB, Black - Prepaid Smartphone",,Cell Phones,4.1,122,['Samsung'],1224,1224,['00616960334668'],https://i5.walmartimages.com/asr/081fc4ce-5996-4419-b231-d06f9fb76110_2.e49f4969b85979127a03c43cdfeb7f70.jpeg?odnHeight=200&odnWidth=200&odnBg=ffffff
1EUZE1HXY3FT,35.34,314.65,349.99,"Canon EOS Rebel T100 Digital SLR Camera with 18-55mm Lens Kit, 18 Megapixel Sensor, Wi-Fi, DIGIC4+ and Live View Shooting",DSLR quality photos & full HD moviesPowerful 18 Megapixel sensorCanon Camera Connect App: share instantly & shoot remotely via compatible smartphone,Digital Cameras,4.6,128,['Canon'],23,23,['00013803300550'],https://i5.walmartimages.com/asr/ce0f57f7-ad6f-4e0b-a7ae-f751068597c2_1.b7e1f1bab1fd7f98cb9aef1ae9b783fb.png?odnHeight=200&odnWidth=200&odnBg=ffffff
3KVAF95ISSN5,203,996.99,1199.99,"LG 65"" Class 4K UHD 2160P NanoCell Smart TV with HDR 65NANO85UNA 2020 Model","Diagonal Screen Size: 64.5""",Televisions,4.7,528,['LG'],424,424,['00719192637238'],https://i5.walmartimages.com/asr/7cbcd941-5d2a-44b4-87b6-0c822ecfd2b0.ba157ddb7d4aef49cb2ff98985dc0a41.jpeg?odnHeight=200&odnWidth=200&odnBg=ffffff
71MXQGDK13S2,9.97,37.99,47.96,"Full-Motion Articulating, Tilt/Swivel, Universal Wall Mount Kit for 19"" to 84"" TVs with HDMI Cable (ONA16TM014E)","Fits 19"" to 84"" flat-panels TVsBonus 10' HDMI 2.0 Cable includedSolid, heavy-gauge steel construction with durable, product coated finishArticulates out from wall 2.64""",TV & Monitor Mounts,4.5,5423,['onn.'],5675,5675,['00681131134484'],https://i5.walmartimages.com/asr/c158c50f-e55f-4282-9e20-85ad40e391c5_1.eb2367b6b9ef13e887c360b69f10e007.jpeg?odnHeight=200&odnWidth=200&odnBg=ffffff
6U770LUOEE9U,34.89,34.99,69.88,JLab Audio JBuds Air Executive True Wireless Bluetooth Earbuds + Charging Case - Black - **Updated November 2019!,JLab Audio JBuds Air Executive True Wireless Bluetooth Earbuds + Charging Case - Black - C3 Calling with Dual Microphones - Long Travel Playtime - Bluetooth 5.0 Connection - 3 EQ Sound Settings,Headphones,3.6,285,['JLab Audio'],473,473,['00812887018623'],https://i5.walmartimages.com/asr/6bc1b1c8-8e71-4212-874f-db9db0ba1bfb_1.cc3e46ea168d5c24e3a12e1b9d4d189d.jpeg?odnHeight=200&odnWidth=200&odnBg=ffffff
1HMNVFO7M5AE,1002,2797.99,3799.99,"SAMSUNG 75"" Class 4K Ultra HD (2160P) HDR Smart QLED TV QN75Q90T 2020","- 4K UHD 3840 x 2160 QLED Panel - Motion Rate 240 Technology - Quantum HDR 16X / HDR10, HDR10+, and HLG - FreeSync Variable Refresh RateDESCRIPTIONS SPECS VIDEOSQN75Q90TAFXZA- View your favorite",Televisions,4.7,486,['Samsung'],180,180,['00887276402192'],https://i5.walmartimages.com/asr/50f79c0c-bf7c-4eb7-88d5-7cb4781ac506.f58ae162cb3ced30675c73bdd0a71126.jpeg?odnHeight=200&odnWidth=200&odnBg=ffffff
6DWNMKEWB5M1,13.46,35.54,49,"TiVo Stream 4K  Every Streaming App and Live TV on One Screen  4K UHD, Dolby Vision HDR and Dolby Atmos Sound  Powered by Android TV  Plug-in Smart TV",Tivo Stream 4k W/ Voice Remote,Streaming Media Players,4.2,123,['TiVo'],5748,5748,['00850013114054'],https://i5.walmartimages.com/asr/e17fc206-81d2-4a9f-ab61-2dfe0e9a2004.e70fda9a8d7898fff7ff43c8525ff6d0.jpeg?odnHeight=200&odnWidth=200&odnBg=ffffff
5M6R9PZ2FI78,31,68.95,99.95,"Fitbit Inspire 2 - Black,Pink,White","Free 1-year Fitbit Premium trial for new Premium users with personalized guidance, insights and motivation to help you reach your goals (Free trial may only be activated with device activation. Valid",Fitness Trackers,4.4,191,['Fitbit'],18286,18286,['00810038852775'],https://i5.walmartimages.com/asr/300c5cbd-1e40-4837-a75f-6788aaefed85.8f79103ab15b286aced33afaac251e4d.jpeg?odnHeight=200&odnWidth=200&odnBg=ffffff
4MVAB8ZVI6Q9,99.01,179.99,279,SAMSUNG Galaxy Watch Active 2 Aluminum Smart Watch (40mm) - Various Colors,"Intuitive interface makes it easy to access apps and send texts.Advanced sensors track steps, calories burned, and exercises.Running coach feature gives you important insight in",Smart Watches,4.2,259,['Samsung'],1679,1679,['00887276359762'],https://i5.walmartimages.com/asr/cfea8d3f-355a-4f48-96f9-383dd9d03130_1.bb98d18f3da770fa1678ddf7aa1d8b6b.jpeg?odnHeight=200&odnWidth=200&odnBg=ffffff
5YUB8D7C50ZT,30.99,149,179.99,"TCL Alto 8i 2.1ch 260W Dolby Atmos Sound bar with Dual Built-in Subwoofers, Black, TS8111",The Alto 8i lets you add immersive theater-quality surround sound with a single slim sound bar.Dolby Atmos technology brings multi-dimensional sound for greater depth and excitement so you're able to,Sound Bars,4.8,36,['TCL'],927,927,['00846042017039'],https://i5.walmartimages.com/asr/bdbcfec0-d28c-48de-8ae0-7831d4a55b36.fa0c01f28f065c1a12f4105b280c89a6.jpeg?odnHeight=200&odnWidth=200&odnBg=ffffff
77L3TAIMP0LC,80,119.99,199.99,Honeywell Home 9585 WiFi Thermostat with color screen,Features:Comfort comes in your color - Personalize your Wi-Fi Smart Color Programmable Thermostat to fit your decor. Your schedule.Your way - Flexible programming options for your,Thermostats,4.6,16897,['Honeywell'],1009,1009,['00194159005075'],https://i5.walmartimages.com/asr/21737511-d4c6-4538-ab7c-828b974dd74d.ca4bd82b6116518cc8e3f0e07a2f721a.png?odnHeight=200&odnWidth=200&odnBg=ffffff
6KMSJGB7QNY9,7.88,29,36.88,"Bower 12 Studio Light USB Power Ball-Head Mount 62"" Adjustable Tripod 3 Colors 10 Brightness Levels In-Line Remote","12"" Ring Light Studio Kit, Adjustable Tripod, Smartphone Holder",Ring Lights,4,387,['Bower'],1051,1051,['00636980262147'],https://i5.walmartimages.com/asr/385fe31b-7a84-424f-bb92-4e92d07b0452.0e08cb599be4a9f8ff5598765ba76039.jpeg?odnHeight=200&odnWidth=200&odnBg=ffffff
6KHP9FFLAHXF,901.99,1798,2699.99,"Sony 85"" Class XBR85X800H 4K UHD LED Android Smart TV HDR BRAVIA 800H Series",X800H 4K Ultra HD LED Smart TV (2020 Model)AC power adapterAC Power CordBatteriesOperating InstructionsQuick Setup GuideTable Top Stand,Televisions,4.3,145,['Sony'],83,83,['00027242919815'],https://i5.walmartimages.com/asr/b1a50ea7-75fb-4399-8160-eb43304e6ae4.e4dd74df876413f29dfd7d3aceba455d.jpeg?odnHeight=200&odnWidth=200&odnBg=ffffff
4FWIK2C1F6V7,10,39,49,Roku Streaming Stick+ HD/4K/HDR Streaming Device with Long-range Wireless and Voice Remote with TV Controls,Roku Streaming Stick Plus 1080 4k Hdr,Streaming Media Players,4.6,6485,['Roku'],611,611,['00829610001975'],https://i5.walmartimages.com/asr/c650f4b6-5284-44c1-9285-59ee90f7316c.930766aa904645029bbc5066fa1f6d7e.png?odnHeight=200&odnWidth=200&odnBg=ffffff
72344FC4627A,150,149,299,"Philips 3.1 Channel Soundbar with Wireless Subwoofer, HDMI, and Bluetooth",Merchandise,Sound Bars,4.4,41,['Philips'],2204,2204,['00840063200173'],https://i5.walmartimages.com/asr/49dcc5d4-b756-49d4-ae04-dbcaacff5a46.b90e680a98c643f90fd3a03bda8e6697.jpeg?odnHeight=200&odnWidth=200&odnBg=ffffff
0XZOOBNSHWRL,150,749,899,"Acer Swift 3 13.5"" 4K UHD PC Laptops, Intel Core i5 1035G4, 8GB RAM, 256GB SSD, Windows 10, Silver, SF313-52-526M","Acer Swift 3 Laptop13.5""Intel Core i5 1035G48GB RAM256GB SSDSF313-52-526M",Laptop Computers,4.8,36,['Acer'],1040,1040,['00193199903136'],https://i5.walmartimages.com/asr/a9f48fc2-c16d-4bc4-b98a-f3d3600c4594.f47afda93fc6cce7f865a3c8ef1a5aa7.jpeg?odnHeight=200&odnWidth=200&odnBg=ffffff
6QWGXBFZY4PZ,20.99,179,199.99,"JVC 40"" FHD HDR Roku TV, LT-40MAW305","Jvc 40"" Tv Fhd Roku Led Class",Televisions,4.2,155,['JVC'],2466,2466,['00046838000850'],https://i5.walmartimages.com/asr/e4870569-a601-4019-b729-54984fbde289.21a50f924aa6949dfdf80e9a5ecefd74.jpeg?odnHeight=200&odnWidth=200&odnBg=ffffff
748VN6WD3MKP,100,249,349,Total Wireless Apple iPhone SE (2020) w/ 64GB,,Cell Phones,4.3,64,['Apple'],536,536,['00616960376965'],https://i5.walmartimages.com/asr/be2f1b07-2634-479f-9b9b-c767af455fbb_2.dd8d9aaa2f1ff829e5a2e4f9d268c486.jpeg?odnHeight=200&odnWidth=200&odnBg=ffffff
1AMJB9M7DUVR,30,59,89,"Core Innovations CJR600 150"" LCD Home Theater Projector (Black)","Up to 150"" displayNative resolution: 800x480Versatile connections + supports smartphone mirroring",Multimedia Projectors,4.3,54,['Core Innovations'],5988,5988,['00850017290242'],https://i5.walmartimages.com/asr/fcf7d840-c12a-4ced-84a9-ded9f5d0b294.5671c5a6584f60df45fe265ac57cc445.jpeg?odnHeight=200&odnWidth=200&odnBg=ffffff
4DOAKMN4P7U8,99.01,199.99,299,SAMSUNG Galaxy Watch Active 2 Aluminum 44mm,"Advanced sensors track steps, calories burned and exercises.built-in Wi-Fi connectivityIntuitive interface and touch bezel make it easy to access apps and send texts",Smart Watches,4.1,210,['Samsung'],1698,1698,['00887276359779'],https://i5.walmartimages.com/asr/404e8c38-059b-4373-84f7-559138ae8520_1.6c0a041b6018c7566204d0837205e17a.jpeg?odnHeight=200&odnWidth=200&odnBg=ffffff
6L3NG4K5XL1J,5,24,29,Roku Express | HD Streaming Media Player with High Speed HDMI Cable and Simple Remote,Easy to use with a simple setupIncludes High-Speed HDMI CableGreat for a giftSimple remote,Streaming Media Players,4.7,2768,['Roku'],14043,14043,['00829610003290'],https://i5.walmartimages.com/asr/026d71d9-cab8-4c0d-b023-7c3cb40bd92a.25b3771bc1efac162d8d315a92b4ed16.png?odnHeight=200&odnWidth=200&odnBg=ffffff
4MBDOEFNMK14,30,59,89,"Core Innovations CJR600 150"" LCD Home Theater Projector (White)","Up to 150"" displayNative resolution: 800x480Versatile connections + supports smartphone mirroring",Multimedia Projectors,4.4,50,['Core Innovations'],3659,3659,['00850017290259'],https://i5.walmartimages.com/asr/7c76aaac-5341-4df6-8cea-9918bd2262e1.d76ca686bfbfbf4a19cc04d2d5525f68.jpeg?odnHeight=200&odnWidth=200&odnBg=ffffff
6P3V9Y19567B,150,349,499,"Gateway 14.1"" FHD Ultra Slim Notebook, Intel Core i3-1005G1, 4GB RAM, 128GB SSD, Tuned by THX Audio, Fingerprint Scanner, Webcam, HDMI, Cortana, Windows 10 S","Windows 10 Home in S Mode10thGen Intel Core i3-1005G1 Processor (1.2GHz, Up to 3.4GHz, 4M Cache)14.1 LCD IPS Display, (1920 x 1080)",Laptop Computers,4.3,116,['Gateway'],5637,5637,['00812550032888'],https://i5.walmartimages.com/asr/fc9880f6-00f9-4025-95be-f99c8d46b920.61e0340c0449ffa5913aadb5d2b2cb73.jpeg?odnHeight=200&odnWidth=200&odnBg=ffffff
1G7V1UPXKZR4,39,129,168,Onn 720p Roku Projector,"HD 720p36""- 150"" Image sizeEasily portablewatch anywhere!",Multimedia Projectors,4.1,124,['onn.'],25,25,['00681131310819'],https://i5.walmartimages.com/asr/1d7940f8-49f8-4709-8738-c000e30d09fa.ec0c7271a09d5e100214ba44ea75360e.jpeg?odnHeight=200&odnWidth=200&odnBg=ffffff
3SI3GK5AYQYC,19.01,149.99,169,Apple AirPods with Wireless Charging Case (Latest Model),,Headphones,4.7,2167,['Apple'],6665,6665,['00190198764690'],https://i5.walmartimages.com/asr/3372fa98-91e4-480b-9f2f-954281b107fa_1.cabaea14cc5589444a079b88166ace50.jpeg?odnHeight=200&odnWidth=200&odnBg=ffffff
6AFB8KUC9T2C,40,99,139,Core Innovations CJR720BLHD HD Portable LCD Home Theater Projector with Rechargeable Battery,Merchandise,Multimedia Projectors,4.7,26,['Core Innovations'],3873,3873,['00850017290266'],https://i5.walmartimages.com/asr/c9412554-5eb1-4c3b-ad49-debf845a4e1a.9e2c77e48fae875addd147671fe0c852.jpeg?odnHeight=200&odnWidth=200&odnBg=ffffff
25SYEIFOS75L,5.99,34,39.99,"Roku Premiere | HD/4K/HDR Streaming Media Player, Simple Remote and Premium HDMI Cable","New! Disney+ and Apple TV are now streaming on all Roku devices | Incredible picture, incredible value: Experience your favorite TV in stunning detail and claritywhether youre streaming in HD, 4K, or",Streaming Media Players,4.5,11677,['Roku'],3103,3103,['00829610002880'],https://i5.walmartimages.com/asr/26d02c9e-c80e-43ac-8184-b8a2d913d20a.c0650e2623c809dc277d80a03e2e5487.png?odnHeight=200&odnWidth=200&odnBg=ffffff
6X83NAD8WGFS,70,69,139,"Straight Talk Samsung Galaxy A10E, 32GB, Black - Prepaid Smartphone","Display: 5.83"" HD+Camera: 8MP Main Camera/ 5MP Front Facing CameraMemory: 32GB Built in Memory + Expandable up to 512GBOS: Android 9.0,",Cell Phones,3.8,1274,['Samsung'],1157,1157,['00616960334613'],https://i5.walmartimages.com/asr/ec5972c8-ecfb-4387-a91b-ce2755640098_2.e49f4969b85979127a03c43cdfeb7f70.jpeg?odnHeight=200&odnWidth=200&odnBg=ffffff
231VQ9VPGSWI,50.99,179,229.99,LG 4.1 Channel 420W Soundbar Surround System with Wireless Speakers - SLM4R,Bluetooth StreamingWireless Surround Sound SpeakersWireless Active SubwooferLG Sound SyncTV Remote CompatibilityUSB Playback,Sound Bars,3.9,277,['LG'],21,21,['00719192633650'],https://i5.walmartimages.com/asr/6835ccbe-bd2d-4348-83e0-6a830754c365_1.645097489b8f1c3b43174c0d196a4bed.jpeg?odnHeight=200&odnWidth=200&odnBg=ffffff
0Z4AV82LCGBT,100,249,349,"Straight Talk Apple iPhone SE (2020), 64GB - Prepaid Smartphone","Up to 13 hours of video on a single charge /li>12MP main camera /li>Nationwide coverage on Americas largest and most dependable networksCompatible with talk, text & data",Cell Phones,4.2,805,['Apple'],7939,7939,['00190199734982'],https://i5.walmartimages.com/asr/3c21f5da-5ce1-41f1-bce5-821711c6209b_2.dd8d9aaa2f1ff829e5a2e4f9d268c486.jpeg?odnHeight=200&odnWidth=200&odnBg=ffffff
5FIKGQYS7ZTL,270,429,699,"Gateway 14.1"" FHD Ultra Slim Notebook, Intel Core i5-1035G1, 16GB RAM, 256GB SSD, Tuned by THX Audio, Fingerprint Scanner, Webcam, HDMI, Cortana, Windows 10 Home","Windows 10 Home10thGen Intel Core i5-1035G1 Processor (1.0GHz, Up to 3.6GHz, 6M Cache)14.1 LCD IPS Display, (1920 x 1080)",Laptop Computers,3.8,270,['Gateway'],3009,3009,['00812550032949'],https://i5.walmartimages.com/asr/2ac22d6f-f18a-485b-96a3-f07d002d3865.d467856c3693f0a86e5e682edb4728f2.jpeg?odnHeight=200&odnWidth=200&odnBg=ffffff
2QV67HOKDODL,50,249,299,Bose QuietComfort 35 Wireless Noise Cancelling Bluetooth Headphones II with Google Assistant,,Headphones,4.6,139,['Bose'],1967,1967,['00017817770613'],https://i5.walmartimages.com/asr/f9f5c242-e727-4928-826e-fd716a343284_1.397cbacb01e117753e830bb1cd5eed8f.png?odnHeight=200&odnWidth=200&odnBg=ffffff
597HY653BMDU,30,239,269,"VANKYO Performance V630W Native 1080P Projector, Full HD 5G Wifi Projector with LCD Display","2.4G/5G Wireless SynchronizationNative 1080P Full HD Projector50 4D Keystone CorrectionGiant Cinematic 300"" WidescreenCustomized Multimedia Connection",Video Projectors,4.6,12,['VANKYO'],4381,4381,['00810051301496'],https://i5.walmartimages.com/asr/ad59c0b5-46f8-4c6d-9a56-d00c8d9ae05e.34dda6c269745ac4ddde253520351d75.jpeg?odnHeight=200&odnWidth=200&odnBg=ffffff
37P6UNKHJQO5,30,239,269,"ASUS C423 14"" Celeron 4GB/64GB Chromebook, 14"" HD Nano-Edge Display, Intel Celeron N3350, 4GB DDR4, 64GB eMMC, Chrome OS, C423NA-WB04 (Google Classroom Ready)","Display: 14"" HD resolution (1366x768)Processor: Intel Celeron N3350 Dual-Core4GB of RAM, 64GB eMMC storageBattery life: 10 hours",Laptop Computers,4,364,['ASUS'],1039,1039,['00192876266366'],https://i5.walmartimages.com/asr/d9d5d780-a1c2-4add-bd93-2de15f58b5ff_10.c2226b4fcd8e430562729d88b60504f9.jpeg?odnHeight=200&odnWidth=200&odnBg=ffffff
33NU5HIP6786,100,149,249,"Walmart Family Mobile Samsung Galaxy A21, 32GB, Black - Prepaid Smartphone",Wmt Family Mobile Merchandise,Cell Phones,4.3,16,['Samsung'],485,485,['00616960381501'],https://i5.walmartimages.com/asr/5e6e72b0-b68a-4f85-83c9-6056f2a64d12.976f540ea52319d46dd7aaa16178e856.jpeg?odnHeight=200&odnWidth=200&odnBg=ffffff
29HSG4K8EECO,25.11,24.88,49.99,Altec Lansing Jacket H20 4 Bluetooth Speaker,Altec Lansing Jacket H20 4 Portable Bluetooth Speaker Black,Portable Speakers,4.6,103,['Altec Lansing'],6020,6020,['00021331015877'],https://i5.walmartimages.com/asr/9dda140c-f5dd-402a-8749-ee4efbe41453_1.f9ea6cbe014579494896c9907eefdf14.jpeg?odnHeight=200&odnWidth=200&odnBg=ffffff
1ON1SUDQDW59,150,99,249,"Simple Mobile Samsung Galaxy A21, 32GB, Black - Prepaid Smartphone",coming soon,Cell Phones,4.3,723,['Samsung'],188,188,['00616960381402'],https://i5.walmartimages.com/asr/5e6e72b0-b68a-4f85-83c9-6056f2a64d12.976f540ea52319d46dd7aaa16178e856.jpeg?odnHeight=200&odnWidth=200&odnBg=ffffff
59COV0JX9SXG,200,799.99,999.99,"Microsoft Surface Pro 7, 12.3"" Touch-Screen, Intel Core i5-1035G4, 8GB Memory, 128GB SSD, Iris Plus Graphics, Windows 10 Home, Platinum with Black Type Cover, QWU-00001","Microsoft Surface Pro 712.3"" Touch-ScreenIntel Core i5-1035G48GB Memory128GB SSDIris Plus GraphicsWindows 10 HomePlatinum with Black",Laptop Computers,4.2,18,['Microsoft'],6766,6766,['00889842512267'],https://i5.walmartimages.com/asr/8fed06a8-cb0c-47e2-a365-cfa1a053bac3_1.2b87c15cfdf69d95f6bdecb925fbddf9.jpeg?odnHeight=200&odnWidth=200&odnBg=ffffff
7KCX2SLBTFKX,70,329,399,Bose Noise Cancelling Wireless Headphones 700 with Google Assistant,11 levels of active noise cancellation.Microphone system isolates your voice.Powerful sound.Easy access to voice assistants including the Google Assistant.,Headphones,4.7,163,['Bose'],176,176,['00017817796163'],https://i5.walmartimages.com/asr/1a8c64b7-f96f-4b27-aebb-7ec5acdd343e.5c04c5427240508148939ac3f00a2400.jpeg?odnHeight=200&odnWidth=200&odnBg=ffffff
117NJ26QMHEC,10,59,69,"Cricket Wireless Samsung Galaxy A01 16GB, Black - Prepaid Smartphone",Cricket Samsung Galaxy A01,Cell Phones,3.8,1346,['Samsung'],395,395,['00711868003200'],https://i5.walmartimages.com/asr/eaaa800d-28e4-458f-be97-d7247eb10273.50b46b630236f170e27fad0349b49ca8.jpeg?odnHeight=200&odnWidth=200&odnBg=ffffff
1KLKUPCV53IV,40,149,189,"ARRIS SURFboard DOCSIS 3.1 Gigabit Cable Modem, Approved for Cox, Xfinity, Spectrum & others",Capable of the fastest download speeds available from cable providersDOCSIS 3.1 cable modem2 x Gigabit Ethernet ports,Modems,4.1,129,['ARRIS'],1854,1854,['00612572211373'],https://i5.walmartimages.com/asr/c85e835f-57ff-42a4-adc7-99396b5ccc92_1.da9253415da4274aa8e8e105ebc50aa7.jpeg?odnHeight=200&odnWidth=200&odnBg=ffffff
17EZL54OMKRP,30,149.99,179.99,Lenovo G24-10 23.6-inch FHD LED Backlit LCD FreeSync Gaming Monitor - 65FDGCC2US,,Computer Monitors,4.3,55,['Lenovo'],254,254,['00193638811275'],https://i5.walmartimages.com/asr/07295a6d-1cd3-4fd0-b39a-672516da162a.ceeefd4fecd1d386edffb50864022988.png?odnHeight=200&odnWidth=200&odnBg=ffffff
515O6GXDGL95,13.04,66.95,79.99,"RCA 480P LCD Home Theater Projector - Up To 130"" RPJ136, White","RCA 480P LCD Home Theater Projector - Up To 10"" RPJ136, White, Support for 1080p, Up To 130"" Picture Size, Equipped with HDMI connection for connecting devices such as cable boxes, gaming consoles,",Multimedia Projectors,4,292,['RCA'],525,525,['00058465810146'],https://i5.walmartimages.com/asr/44e25f0f-bdf4-4db7-93d1-d37692b8ca1a_1.01bde451260517ef966afbfad1f75011.jpeg?odnHeight=200&odnWidth=200&odnBg=ffffff
3EINSXOHNK7Q,400,3296.99,3696.99,"LG 77"" Class 4K UHD 2160P OLED Smart TV with HDR OLED77CXPUA 2020 Model","Diagonal Screen Size: 76.7""",Televisions,4.8,2047,['LG'],226,226,['00719192637177'],https://i5.walmartimages.com/asr/d3276972-596f-4c84-9c57-03580e704cdf.303df10a549f5f4d4ef3f17a8932d1fa.jpeg?odnHeight=200&odnWidth=200&odnBg=ffffff
5ZD0A2C75DEP,12,87,99,"Straight Talk Samsung Galaxy A21, 32GB, Black - Prepaid Smartphone",Straight Talk St Samsung A21 S215dl Cdma Ae,Cell Phones,4.3,1313,['Samsung'],0,0,['00616960382539'],https://i5.walmartimages.com/asr/5e6e72b0-b68a-4f85-83c9-6056f2a64d12.976f540ea52319d46dd7aaa16178e856.jpeg?odnHeight=200&odnWidth=200&odnBg=ffffff
1FG7CQUX189C,5,9.99,14.99,"Centon Datastick Pro USB 3.0 (Black), 64GB","Centon Datastick Pro USB 3.0 (Black), 64GB",Flash Drives,4.6,67,['Centon'],99795,99795,['00731969518144'],https://i5.walmartimages.com/asr/b052f314-6346-4c66-b83e-17ec021fb1ff_1.111d75c0a0b975734b6f2d3e89b9c3c5.jpeg?odnHeight=200&odnWidth=200&odnBg=ffffff
4CI1Y0HRKBKK,300,1299.99,1599.99,"Microsoft Surface Book 3, 13"" Touch-Screen, Intel Core i5-1035G7, 8GB Memory, 256GB Solid State Drive, Platinum, V6F-00001","Microsoft Surface Book 313"" Touch-ScreenIntel Core i5-1035G78GB Memory256GB Solid State DrivePlatinumV6F-00001",Laptop Computers,2,2,['Microsoft'],35,35,['00889842596694'],https://i5.walmartimages.com/asr/e69c1c77-2050-450f-a7b4-ff259ea4af9f.8830fb4c855faf41a25bab9885875d2b.jpeg?odnHeight=200&odnWidth=200&odnBg=ffffff
7G5K3DVOY24N,70,159,229,Bose SoundLink Around Ear Wireless Bluetooth Headphones II,"Delivers deep, immersive sound.Advanced microphone system for clear calls.Bluetooth",Headphones,4.3,54,['Bose'],486,486,['00017817703277'],https://i5.walmartimages.com/asr/e782a8d0-1b2d-45e1-a803-192223092548_1.040f16228f0f19b3710c38b9f65d3424.jpeg?odnHeight=200&odnWidth=200&odnBg=ffffff
5ZPVFBO22IRL,50,129,179,"Straight Talk Motorola G Power, 64GB, Black - Prepaid Smartphone","16MP cameraBlackNationwide coverage on Americas largest and most dependable networks*Compatible with talk, text & data plans from Straight TalkActual",Cell Phones,4.2,413,['Motorola'],682,682,['00616960363965'],https://i5.walmartimages.com/asr/18780edb-1a49-4a65-9962-7ad5dc00b090_3.03f17b0456657e53fc4cae21cbdbd2b9.jpeg?odnHeight=200&odnWidth=200&odnBg=ffffff
1BPKC0WN2UQC,60,169,229,"Acer Chromebook 311, 11.6"" HD, Intel Celeron N4020, 4GB LPDDR4, 32GB eMMC, Pure Silver, Gigabit WiFi, Bluetooth 5.0, CB311-9H-C4XC","Companion On-the-Go. Powered by an Intel Celeron processor, the Chromebook loads content-rich webpages fast, provide crisp video playback, and enable you to multitask effortlessly by allowing",Laptop Computers,4.3,174,['Acer'],5867,5867,['00195133087339'],https://i5.walmartimages.com/asr/d25a585d-cd81-44fc-97fe-8074c112f2ef.fb82102c15d0cb95944b91b672434050.png?odnHeight=200&odnWidth=200&odnBg=ffffff
1Z8QWTCXR8BT,4.88,15,19.88,"Merkury Innovations Smart LED Strip Lights, 6.5ft, Trimmable, Dimmable",,Light Ropes & Strings,3.7,270,['Merkury Innovations'],5758,5758,['00844702079724'],https://i5.walmartimages.com/asr/559bb2f8-f299-4e98-a33d-94ba4b4969b6.b6b5c579196d60910b24919fcc7c9582.jpeg?odnHeight=200&odnWidth=200&odnBg=ffffff
5H1BTK7VGJZB,149.01,249.99,399,SAMSUNG Galaxy Watch 3 Stainless Bluetooth Smart Watch (41mm),"Product Line : Galaxy Watch3||Product Name : Samsung Galaxy Watch3 SM-R850NZSAXAR 1.2"" Smart Watch||Placement : Wrist",Smart Watches,4.1,97,['Samsung'],158,158,['00887276430690'],https://i5.walmartimages.com/asr/939d5ee8-5b4e-4732-9d65-e35a87166d28.cfb802bcf994d804d3a55f84f04b94d0.jpeg?odnHeight=200&odnWidth=200&odnBg=ffffff
6CFE2V4QAZFT,4,8.88,12.88,Merkury Innovations Smart LED Light Bulb - Works with Google Assistant and Alexa,"No hub required, Wi-Fi is built into the bulbSelect from millions of",Light Bulbs,4.1,1107,['Merkury Innovations'],0,0,['00844702072077'],https://i5.walmartimages.com/asr/e15b4ae9-a1b0-4a6b-a93a-b818ee4858f2_1.1eeae0645b5aae960d7c57f7689c242a.jpeg?odnHeight=200&odnWidth=200&odnBg=ffffff
3AJHW2IT2X29,170,588,758,"VIZIO 70"" Class 4K UHD LED SmartCast Smart TV HDR V-Series V705-H",Dolby Vison HDR4K Ultra HDFull Array Backlight,Televisions,4.6,37523,['VIZIO'],144,144,['00845226017391'],https://i5.walmartimages.com/asr/5c0018cc-71f2-456b-a201-21f470a313b7.ab8cc3a04428d62d0e221af943b8f861.jpeg?odnHeight=200&odnWidth=200&odnBg=ffffff
6FR843V2ZTSZ,79.01,299.99,379,Samsung Galaxy Watch 42mm 4G LTE,"Hands-free connectivity plus a powerful battery that can last up to four daysMultiple sensors including a heart rate monitor, GPS, accelerometer and gyro sensor for fitness tracking",Smart Watches,4.1,286,['Samsung'],13,13,['00887276274584'],https://i5.walmartimages.com/asr/dab79da2-f555-46e5-a523-2ab57d32ec67_1.31b0f9ee67e0a89f1179675e2fa2f54b.jpeg?odnHeight=200&odnWidth=200&odnBg=ffffff
3KHFKPQQGXLU,30,99,129,Bose SoundSport Wireless Sports Bluetooth Earbuds,Wireless sport earbudsStayHear+ earbud tips for stability and comfortSweat and water-resistantBluetooth and NFC pairingUp to 6 hours battery life per,Headphones,4.4,279,['Bose'],273,273,['00017817731355'],https://i5.walmartimages.com/asr/88f1264d-39b2-4237-a9a4-59eda41af4d3_1.147b71a7e9bf893bbf71eb297d1e34d0.jpeg?odnHeight=200&odnWidth=200&odnBg=ffffff
5XPSPOQOMI00,55.24,103.76,159,"Tracfone Samsung Galaxy A10E, 32GB, Black- Prepaid Smartphone",,Cell Phones,4.1,735,['Samsung'],1560,1560,['00616960334729'],https://i5.walmartimages.com/asr/50a9dca2-f86e-4f05-90d1-4387245d795b_2.e49f4969b85979127a03c43cdfeb7f70.jpeg?odnHeight=200&odnWidth=200&odnBg=ffffff
7IP9WUP6ZLL4,15.99,64,79.99,Logitech 1080p Pro Stream Webcam for HD Video Streaming and Recording at 30FPS,Compare with C922High definition video2 megapixel sensorIntegrate live images2 omnidirectional microphones,Webcams,4.3,171,['Logitech'],2966,2966,['00097855135391'],https://i5.walmartimages.com/asr/51ef9fc8-e9cd-4eda-98c5-ea820d779bf3_1.31a6df80a823fca97fbb979c7d2fde9c.jpeg?odnHeight=200&odnWidth=200&odnBg=ffffff
1V9Y8DB8U9AH,171.99,428,599.99,"TCL 50"" Class 5-Series 4K UHD Dolby Vision HDR QLED Roku Smart TV - 50S535",TCL50S5355-Series 4K OLED Dolby Vision HDR Smart Roku TVPower CordRemote ControlRemote Control BatteryLimited Warranty5-Series 4K OLED Dolby Vision HDR,Televisions,4.2,78,['TCL'],2671,2671,['00846042016186'],https://i5.walmartimages.com/asr/9c6fa4b8-e715-4688-92d9-a223510a05f1.fe20863340546bd55fd8330b2c8df05d.png?odnHeight=200&odnWidth=200&odnBg=ffffff
2K4EMVD5O4LN,20,79.99,99.99,"Sceptre 20"" 1600x900 HDMI VGA 75hz 5ms LED Monitor (E205W-1600 Black)","20"" diagonal LED screen16:9 aspect ratio1600 x 900 resolutionCapable of displaying millions of colors75Hz refresh rate5ms response time",Computer Monitors,4.3,550,['Sceptre'],632,632,['00792343319597'],https://i5.walmartimages.com/asr/81cf71bd-32f9-49b5-9857-2850fc7f3672_2.1e3db289e0425e120d25402b71e672b4.jpeg?odnHeight=200&odnWidth=200&odnBg=ffffff
170JNOSR43QZ,149.01,299.99,449,SAMSUNG Galaxy Watch 3 Stainless LTE Smart Watch (41mm),"General InformationStyle you can count onGalaxy Watch3 combines style-two sizes, three colors, 50,000-plus watch faces and premium leather bands-with military-grade durability and water",Smart Watches,3.7,33,['Samsung'],81,81,['00887276420158'],https://i5.walmartimages.com/asr/07a7ddbb-f2de-469c-ad73-53481fcb43f4.d0e2b485033738808c219fdcc25ac7d4.jpeg?odnHeight=200&odnWidth=200&odnBg=ffffff
4Y5URAVBP0AH,130,149,279,LG UBKM9 Streaming Ultra-HD Blu-Ray Player with Streaming Services and Built-in Wi-Fi,4K Ultra HD Blu-ray Disc PlaybackDolby VisionMulti-HDR4K Streaming Content3D Blu-Ray/DVD Playback,Blu Ray & DVD Players,4.2,86,['LG'],40,40,['00719192629004'],https://i5.walmartimages.com/asr/903df85e-2fe2-468b-b458-4facf28e3715_1.e31bb42e4759d9b89ea6e31e8a16159a.jpeg?odnHeight=200&odnWidth=200&odnBg=ffffff
61HUAQF2NNC4,20,159,179,"Bose Sport Earbuds  True Wireless Bluetooth Audio Earbuds, Black",Wireless Bluetooth earbudsSecure and comfortable fitSweat and weather resistant designUp to 5 hours battery life per chargeReliable Bluetooth,Headphones,4.4,114,['Bose'],411,411,['00017817798730'],https://i5.walmartimages.com/asr/e0f37558-3a90-47a3-8c36-53397b4805f4.0446dc4d0a8f9a97a2de5e8d22592311.jpeg?odnHeight=200&odnWidth=200&odnBg=ffffff
